-- phpMyAdmin SQL Dump
-- version 4.0.10deb1
-- http://www.phpmyadmin.net
--
-- Host: localhost
-- Generation Time: Feb 22, 2016 at 01:25 PM
-- Server version: 5.5.47-0ubuntu0.14.04.1
-- PHP Version: 5.5.9-1ubuntu4.14

SET SQL_MODE = "NO_AUTO_VALUE_ON_ZERO";
SET time_zone = "+00:00";


/*!40101 SET @OLD_CHARACTER_SET_CLIENT=@@CHARACTER_SET_CLIENT */;
/*!40101 SET @OLD_CHARACTER_SET_RESULTS=@@CHARACTER_SET_RESULTS */;
/*!40101 SET @OLD_COLLATION_CONNECTION=@@COLLATION_CONNECTION */;
/*!40101 SET NAMES utf8 */;

--
-- Database: `eshop`
--

-- --------------------------------------------------------

--
-- Table structure for table `categories`
--

CREATE TABLE IF NOT EXISTS `categories` (
  `id` int(4) NOT NULL AUTO_INCREMENT,
  `category_name` varchar(20) NOT NULL,
  `created_at` date NOT NULL,
  `updated_at` date NOT NULL,
  PRIMARY KEY (`id`)
) ENGINE=InnoDB  DEFAULT CHARSET=latin1 AUTO_INCREMENT=15 ;

--
-- Dumping data for table `categories`
--

INSERT INTO `categories` (`id`, `category_name`, `created_at`, `updated_at`) VALUES
(1, 'camera', '0000-00-00', '0000-00-00'),
(2, 'foods', '0000-00-00', '0000-00-00'),
(3, 'pens', '0000-00-00', '0000-00-00'),
(4, 'DVD', '0000-00-00', '0000-00-00'),
(5, 'PC', '0000-00-00', '0000-00-00'),
(6, 'laptop', '0000-00-00', '0000-00-00'),
(7, 'phones', '0000-00-00', '0000-00-00'),
(8, 'TVs', '0000-00-00', '0000-00-00'),
(9, 'vehicles', '0000-00-00', '0000-00-00'),
(10, 'ship', '0000-00-00', '0000-00-00');

-- --------------------------------------------------------

--
-- Table structure for table `images`
--

CREATE TABLE IF NOT EXISTS `images` (
  `id` int(11) NOT NULL AUTO_INCREMENT,
  `image_path` text NOT NULL,
  `item_id` int(11) NOT NULL,
  `default` int(11) NOT NULL,
  `created_at` datetime NOT NULL,
  `updated_at` datetime NOT NULL,
  PRIMARY KEY (`id`)
) ENGINE=InnoDB  DEFAULT CHARSET=latin1 AUTO_INCREMENT=35 ;

--
-- Dumping data for table `images`
--

INSERT INTO `images` (`id`, `image_path`, `item_id`, `default`, `created_at`, `updated_at`) VALUES
(1, '1/pic1.jpg', 1, 1, '0000-00-00 00:00:00', '0000-00-00 00:00:00'),
(3, '1/pic2.jpg', 2, 1, '0000-00-00 00:00:00', '0000-00-00 00:00:00'),
(4, '1/pic3.jpg', 3, 1, '0000-00-00 00:00:00', '0000-00-00 00:00:00'),
(5, '1/pic4.jpg', 4, 1, '0000-00-00 00:00:00', '0000-00-00 00:00:00'),
(6, '1/pic5.jpg', 5, 1, '0000-00-00 00:00:00', '0000-00-00 00:00:00'),
(7, '1/pic6.jpg', 6, 1, '0000-00-00 00:00:00', '0000-00-00 00:00:00'),
(8, '1/pic7.jpg', 7, 1, '0000-00-00 00:00:00', '0000-00-00 00:00:00'),
(9, '1/pic8.jpg', 8, 1, '0000-00-00 00:00:00', '0000-00-00 00:00:00'),
(10, '1/pic9.jpg', 9, 1, '0000-00-00 00:00:00', '0000-00-00 00:00:00'),
(11, '2/pic1.jpg', 10, 1, '0000-00-00 00:00:00', '0000-00-00 00:00:00'),
(12, '2/pic2.jpg', 11, 1, '0000-00-00 00:00:00', '0000-00-00 00:00:00'),
(13, '2/pic3.jpg', 12, 1, '0000-00-00 00:00:00', '0000-00-00 00:00:00'),
(14, '2/pic4.jpg', 13, 1, '0000-00-00 00:00:00', '0000-00-00 00:00:00'),
(15, '2/pic5.jpg', 14, 1, '0000-00-00 00:00:00', '0000-00-00 00:00:00'),
(16, '2/pic6.jpg', 15, 1, '0000-00-00 00:00:00', '0000-00-00 00:00:00'),
(17, '3/pic1.jpg', 16, 1, '0000-00-00 00:00:00', '0000-00-00 00:00:00'),
(18, '3/pic2.jpg', 17, 1, '0000-00-00 00:00:00', '0000-00-00 00:00:00'),
(19, '3/pic3.jpg', 18, 1, '0000-00-00 00:00:00', '0000-00-00 00:00:00'),
(20, '3/pic4.jpg', 19, 1, '0000-00-00 00:00:00', '0000-00-00 00:00:00'),
(21, '3/pic5.jpg', 20, 1, '0000-00-00 00:00:00', '0000-00-00 00:00:00'),
(22, '3/pic6.jpg', 21, 1, '0000-00-00 00:00:00', '0000-00-00 00:00:00'),
(23, '3/pic7.jpg', 22, 1, '0000-00-00 00:00:00', '0000-00-00 00:00:00'),
(24, '3/pic8.jpg', 23, 1, '0000-00-00 00:00:00', '0000-00-00 00:00:00'),
(25, '4/pic1.jpg', 24, 1, '0000-00-00 00:00:00', '0000-00-00 00:00:00'),
(26, '4/pic2.jpg', 25, 1, '0000-00-00 00:00:00', '0000-00-00 00:00:00'),
(27, '4/pic3.jpg', 26, 1, '0000-00-00 00:00:00', '0000-00-00 00:00:00'),
(28, '4/pic4.jpg', 27, 1, '0000-00-00 00:00:00', '0000-00-00 00:00:00'),
(29, '5/pic1.jpg', 28, 1, '0000-00-00 00:00:00', '0000-00-00 00:00:00'),
(30, '5/pic2.jpg', 29, 1, '0000-00-00 00:00:00', '0000-00-00 00:00:00'),
(31, '6/pic1.jpg', 30, 1, '0000-00-00 00:00:00', '0000-00-00 00:00:00'),
(32, '6/pic2.jpg', 31, 1, '0000-00-00 00:00:00', '0000-00-00 00:00:00'),
(33, '6/pic3.jpg', 32, 1, '0000-00-00 00:00:00', '0000-00-00 00:00:00'),
(34, '7/pic1.jpg', 45, 1, '0000-00-00 00:00:00', '0000-00-00 00:00:00');

-- --------------------------------------------------------

--
-- Table structure for table `items`
--

CREATE TABLE IF NOT EXISTS `items` (
  `id` int(11) NOT NULL AUTO_INCREMENT,
  `category_id` int(11) NOT NULL,
  `item_name` varchar(200) NOT NULL,
  `description` text NOT NULL,
  `price` float NOT NULL,
  `created_at` datetime NOT NULL,
  `updated_at` datetime NOT NULL,
  PRIMARY KEY (`id`)
) ENGINE=InnoDB  DEFAULT CHARSET=latin1 AUTO_INCREMENT=47 ;

--
-- Dumping data for table `items`
--

INSERT INTO `items` (`id`, `category_id`, `item_name`, `description`, `price`, `created_at`, `updated_at`) VALUES
(1, 1, 'A230', 'this is camera', 299, '0000-00-00 00:00:00', '2016-02-21 00:00:00'),
(2, 1, 'A231', 'this is camera', 299, '0000-00-00 00:00:00', '2016-02-21 00:00:00'),
(3, 1, 'A232', 'this camera ', 344, '0000-00-00 00:00:00', '0000-00-00 00:00:00'),
(4, 1, 'A234', 'this camera ', 344, '0000-00-00 00:00:00', '0000-00-00 00:00:00'),
(5, 1, 'A233', 'swswsws', 211, '0000-00-00 00:00:00', '0000-00-00 00:00:00'),
(6, 1, 'A235', 'sdsdsdsd', 655, '0000-00-00 00:00:00', '0000-00-00 00:00:00'),
(7, 1, 'A236', 'scsfcsf', 211, '0000-00-00 00:00:00', '0000-00-00 00:00:00'),
(8, 1, 'A237', 'sdsdsdsd', 655, '0000-00-00 00:00:00', '0000-00-00 00:00:00'),
(9, 1, 'A238', 'scsfcsf', 211, '0000-00-00 00:00:00', '0000-00-00 00:00:00'),
(10, 2, 'B11', 'sdsdsdsd', 655, '0000-00-00 00:00:00', '0000-00-00 00:00:00'),
(11, 2, 'B112', 'scsfcsf', 611, '0000-00-00 00:00:00', '0000-00-00 00:00:00'),
(12, 2, 'B113', 'scsfcsf', 211, '0000-00-00 00:00:00', '0000-00-00 00:00:00'),
(13, 2, 'B114', 'scsfcsf', 711, '0000-00-00 00:00:00', '0000-00-00 00:00:00'),
(14, 2, 'B115', 'scsfcsf', 211, '0000-00-00 00:00:00', '0000-00-00 00:00:00'),
(15, 2, 'B116', 'scsfcsf', 811, '0000-00-00 00:00:00', '0000-00-00 00:00:00'),
(16, 3, 'C11', 'sdsdsdsd', 655, '0000-00-00 00:00:00', '0000-00-00 00:00:00'),
(17, 3, 'C112', 'scsfcsf', 611, '0000-00-00 00:00:00', '0000-00-00 00:00:00'),
(18, 3, 'C113', 'scsfcsf', 211, '0000-00-00 00:00:00', '0000-00-00 00:00:00'),
(19, 3, 'C114', 'scsfcsf', 711, '0000-00-00 00:00:00', '0000-00-00 00:00:00'),
(20, 3, 'C115', 'scsfcsf', 211, '0000-00-00 00:00:00', '0000-00-00 00:00:00'),
(21, 3, 'C116', 'scsfcsf', 811, '0000-00-00 00:00:00', '0000-00-00 00:00:00'),
(22, 3, 'C116', 'scsfcsf', 811, '0000-00-00 00:00:00', '0000-00-00 00:00:00'),
(23, 3, 'C116', 'scsfcsf', 811, '0000-00-00 00:00:00', '0000-00-00 00:00:00'),
(24, 4, 'D111', 'asdasfdsadf', 345, '0000-00-00 00:00:00', '0000-00-00 00:00:00'),
(25, 4, 'D112', 'dcsdfgvbdfsg', 567, '0000-00-00 00:00:00', '0000-00-00 00:00:00'),
(26, 4, 'D113', 'asdasfdsadf', 345, '0000-00-00 00:00:00', '0000-00-00 00:00:00'),
(27, 4, 'D114', 'dcsdfgvbdfsg', 567, '0000-00-00 00:00:00', '0000-00-00 00:00:00'),
(28, 5, 'E111', 'asdasfdsadf', 345, '0000-00-00 00:00:00', '0000-00-00 00:00:00'),
(29, 5, 'E112', 'dcsdfgvbdfsg', 567, '0000-00-00 00:00:00', '0000-00-00 00:00:00'),
(30, 6, 'F111', 'asdasfdsadf', 345, '0000-00-00 00:00:00', '0000-00-00 00:00:00'),
(31, 6, 'F112', 'dcsdfgvbdfsg', 567, '0000-00-00 00:00:00', '0000-00-00 00:00:00'),
(32, 6, 'F113', 'dcsdfgvbdfsg', 567, '0000-00-00 00:00:00', '0000-00-00 00:00:00'),
(45, 7, 'G238', 'sfsdfsdfsdfdfsdfd', 1780, '0000-00-00 00:00:00', '0000-00-00 00:00:00');

/*!40101 SET CHARACTER_SET_CLIENT=@OLD_CHARACTER_SET_CLIENT */;
/*!40101 SET CHARACTER_SET_RESULTS=@OLD_CHARACTER_SET_RESULTS */;
/*!40101 SET COLLATION_CONNECTION=@OLD_COLLATION_CONNECTION */;
